<?xml version="1.0" encoding="UTF-8"?>

<!-- 
 * converters.xml
 *
 * Copyright (C) 2019 Universidad de Sevilla
 * 
 * The use of this project is hereby constrained to the conditions of the 
 * TDG Licence, a copy of which you may download from 
 * http://www.tdg-seville.info/License.html
 -->

<beans xmlns="http://www.springframework.org/schema/beans"
	xmlns:xsi="http://www.w3.org/2001/XMLSchema-instance" xmlns:util="http://www.springframework.org/schema/util"
	xsi:schemaLocation="
		http://www.springframework.org/schema/beans http://www.springframework.org/schema/beans/spring-beans-4.0.xsd		
		http://www.springframework.org/schema/util http://www.springframework.org/schema/util/spring-util-4.0.xsd		
	">

	<util:list id="converters">
		<!-- 
			Add your own converters using entries of the following form: 
			<bean class="converters.Class1ToClass2" /> 
		-->
		<bean class="converters.RequestToStringConverter" />
		<bean class="converters.StringToRequestConverter" />
		<bean class="converters.ProcessionToStringConverter" />
		<bean class="converters.StringToProcessionConverter" />
		<bean class="converters.MemberToStringConverter" />
		<bean class="converters.StringToMemberConverter" />
		<bean class="converters.BrotherhoodToStringConverter" />
		<bean class="converters.StringToBrotherhoodConverter" />
		<bean class="converters.PositionToStringConverter" />
		<bean class="converters.StringToPositionConverter" />
		<bean class="converters.StringToActorConverter" />
		<bean class="converters.ActorToStringConverter" />
		<bean class="converters.StringToPictureConverter" />
		<bean class="converters.PictureToStringConverter" />
		<bean class="converters.StringToFloatConverter" />
		<bean class="converters.FloatToStringConverter" />
		<bean class="converters.StringToAdministratorConverter" />
		<bean class="converters.CustomizableSystemToStringConverter" />
		<bean class="converters.StringToCustomizableSystemConverter" />
		<bean class="converters.UserAccountToStringConverter" />
		<bean class="converters.StringToUserAccountConverter" />
		<bean class="converters.AuthorityToStringConverter" />
		<bean class="converters.StringToAuthorityConverter" />
		
		
	</util:list>
	
</beans>